-- ============================================================================
-- TSLA Analytics Database Schema
-- PostgreSQL schema untuk import ke Supabase
-- Created: 2024
-- ============================================================================

-- ============================================================================
-- Table 1: tesla_stock_data
-- ============================================================================
CREATE TABLE IF NOT EXISTS tesla_stock_data (
    id SERIAL PRIMARY KEY,
    date DATE NOT NULL UNIQUE,
    close FLOAT NOT NULL,
    high FLOAT NOT NULL,
    low FLOAT NOT NULL,
    open FLOAT NOT NULL,
    volume BIGINT NOT NULL,
    year INT NOT NULL,
    quarter INT NOT NULL,
    month INT NOT NULL,
    created_at TIMESTAMP DEFAULT CURRENT_TIMESTAMP,
    updated_at TIMESTAMP DEFAULT CURRENT_TIMESTAMP
);

-- Create index for faster queries
CREATE INDEX IF NOT EXISTS idx_tesla_stock_date ON tesla_stock_data(date);
CREATE INDEX IF NOT EXISTS idx_tesla_stock_year ON tesla_stock_data(year);
CREATE INDEX IF NOT EXISTS idx_tesla_stock_year_quarter ON tesla_stock_data(year, quarter);

-- ============================================================================
-- Table 2: model_evaluation
-- ============================================================================
CREATE TABLE IF NOT EXISTS model_evaluation (
    id SERIAL PRIMARY KEY,
    model VARCHAR(50) NOT NULL UNIQUE,
    mae FLOAT NOT NULL,
    rmse FLOAT NOT NULL,
    mape_percentage FLOAT NOT NULL,
    r_squared FLOAT NOT NULL,
    dir_accuracy FLOAT NOT NULL,
    dir_precision FLOAT NOT NULL,
    dir_recall FLOAT NOT NULL,
    dir_f1 FLOAT NOT NULL,
    created_at TIMESTAMP DEFAULT CURRENT_TIMESTAMP,
    updated_at TIMESTAMP DEFAULT CURRENT_TIMESTAMP
);

-- Create index for faster queries
CREATE INDEX IF NOT EXISTS idx_model_eval_model ON model_evaluation(model);

-- ============================================================================
-- Table 3: predictions_sarima
-- ============================================================================
CREATE TABLE IF NOT EXISTS predictions_sarima (
    id SERIAL PRIMARY KEY,
    date DATE NOT NULL UNIQUE,
    actual FLOAT NOT NULL,
    sarima_pred FLOAT NOT NULL,
    created_at TIMESTAMP DEFAULT CURRENT_TIMESTAMP,
    updated_at TIMESTAMP DEFAULT CURRENT_TIMESTAMP
);

-- Create index for faster queries
CREATE INDEX IF NOT EXISTS idx_sarima_date ON predictions_sarima(date);

-- ============================================================================
-- Table 4: predictions_prophet
-- ============================================================================
CREATE TABLE IF NOT EXISTS predictions_prophet (
    id SERIAL PRIMARY KEY,
    date DATE NOT NULL UNIQUE,
    actual FLOAT NOT NULL,
    prophet_pred FLOAT NOT NULL,
    created_at TIMESTAMP DEFAULT CURRENT_TIMESTAMP,
    updated_at TIMESTAMP DEFAULT CURRENT_TIMESTAMP
);

-- Create index for faster queries
CREATE INDEX IF NOT EXISTS idx_prophet_date ON predictions_prophet(date);

-- ============================================================================
-- Table 5: api_logs (Optional - untuk monitoring API usage)
-- ============================================================================
CREATE TABLE IF NOT EXISTS api_logs (
    id SERIAL PRIMARY KEY,
    endpoint VARCHAR(255) NOT NULL,
    method VARCHAR(10) NOT NULL,
    status_code INT NOT NULL,
    response_time_ms INT,
    created_at TIMESTAMP DEFAULT CURRENT_TIMESTAMP
);

-- Create index untuk monitoring
CREATE INDEX IF NOT EXISTS idx_api_logs_created_at ON api_logs(created_at);
CREATE INDEX IF NOT EXISTS idx_api_logs_endpoint ON api_logs(endpoint);

-- ============================================================================
-- Sample Data dari CSV Files
-- ============================================================================

-- Insert model evaluation data dari model_evaluation.csv
INSERT INTO model_evaluation (model, mae, rmse, mape_percentage, r_squared, dir_accuracy, dir_precision, dir_recall, dir_f1)
VALUES 
    ('SARIMA', 36.7567, 39.1818, 19.58, -2.3171, 0.5167, 0.4722, 0.6296, 0.5397),
    ('Prophet', 56.9407, 60.8691, 30.55, -7.0055, 0.0, 0.0, 0.0, 0.0)
ON CONFLICT (model) DO UPDATE SET
    mae = EXCLUDED.mae,
    rmse = EXCLUDED.rmse,
    mape_percentage = EXCLUDED.mape_percentage,
    r_squared = EXCLUDED.r_squared,
    dir_accuracy = EXCLUDED.dir_accuracy,
    dir_precision = EXCLUDED.dir_precision,
    dir_recall = EXCLUDED.dir_recall,
    dir_f1 = EXCLUDED.dir_f1;

-- Insert SARIMA predictions data dari predictions_sarima.csv
INSERT INTO predictions_sarima (date, actual, sarima_pred)
VALUES 
    ('2024-01-02', 250.0800018310547, 256.8249946713361),
    ('2024-01-03', 244.97999572753903, 251.5199856977054),
    ('2024-01-04', 239.25, 247.57471866341126),
    ('2024-01-05', 236.8600006103516, 248.51416336803146),
    ('2024-01-08', 236.13999938964844, 253.92006369524617),
    ('2024-01-09', 238.1100006103516, 254.5709184884763),
    ('2024-01-10', 235.1000061035156, 249.9266801373671),
    ('2024-01-11', 230.57000732421875, 243.6943309220099),
    ('2024-01-12', 220.0800018310547, 244.26923654542082),
    ('2024-01-16', 215.1000061035156, 248.36915621909733),
    ('2024-01-17', 214.8600006103516, 250.62207989705607),
    ('2024-01-18', 216.8800048828125, 245.66174068561466),
    ('2024-01-19', 209.9900054931641, 240.48129822112705),
    ('2024-01-22', 212.25999450683597, 241.2139282186207),
    ('2024-01-23', 211.3000030517578, 245.91403360008226),
    ('2024-01-24', 211.8800048828125, 247.43366099167125),
    ('2024-01-25', 189.6999969482422, 242.62028747934127),
    ('2024-01-26', 185.5, 236.95892051838086),
    ('2024-01-29', 185.6300048828125, 237.62143491321976),
    ('2024-01-30', 195.3300018310547, 242.04723570151614),
    ('2024-01-31', 187.0, 243.90140867438723),
    ('2024-02-01', 188.5, 239.02052631345586),
    ('2024-02-02', 185.0399932861328, 233.57845605519248),
    ('2024-02-05', 184.25999450683597, 234.27253967462033),
    ('2024-02-06', 177.2100067138672, 238.8234011648477),
    ('2024-02-07', 188.17999267578125, 240.52516857921594),
    ('2024-02-08', 189.0, 235.67513360378283),
    ('2024-02-09', 190.17999267578125, 230.13318310229724),
    ('2024-02-12', 192.1100006103516, 230.81296983222506),
    ('2024-02-13', 183.9900054931641, 235.30687546671774),
    ('2024-02-14', 185.3000030517578, 237.07802795796434),
    ('2024-02-15', 189.16000366210935, 232.2139303584402),
    ('2024-02-16', 202.05999755859372, 226.7174473725827),
    ('2024-02-20', 196.1300048828125, 227.4037258111847),
    ('2024-02-21', 193.3600006103516, 231.92355811154454),
    ('2024-02-22', 194.0, 233.66313100803285),
    ('2024-02-23', 195.30999755859372, 228.80543762792536),
    ('2024-02-26', 192.2899932861328, 223.28826169896385),
    ('2024-02-27', 204.0399932861328, 223.97158901545308),
    ('2024-02-28', 200.4199981689453, 228.47962186582464),
    ('2024-02-29', 204.17999267578125, 230.2335659091701),
    ('2024-03-01', 200.5200042724609, 225.37295734072472),
    ('2024-03-04', 198.72999572753903, 219.8651981061114),
    ('2024-03-05', 183.0500030517578, 220.54986770386697),
    ('2024-03-06', 179.99000549316406, 225.06327007250607),
    ('2024-03-07', 174.35000610351562, 226.8106745108366),
    ('2024-03-08', 181.5, 221.95139265911106),
    ('2024-03-11', 175.4499969482422, 216.43934838625128),
    ('2024-03-12', 177.77000427246094, 217.12340732085835),
    ('2024-03-13', 173.0500030517578, 221.6343663131168),
    ('2024-03-14', 167.77000427246094, 223.38474652966698),
    ('2024-03-15', 163.16000366210938, 218.5248609375962),
    ('2024-03-18', 170.02000427246094, 213.0147665184204),
    ('2024-03-19', 172.36000061035156, 213.69910329977492),
    ('2024-03-20', 173.0, 218.21117411890302),
    ('2024-03-21', 176.38999938964844, 219.96020025434825),
    ('2024-03-22', 166.69000244140625, 215.10058939130494),
    ('2024-03-25', 168.75999450683594, 209.58960772342664),
    ('2024-03-26', 178.5800018310547, 210.27381808088344),
    ('2024-03-27', 181.41000366210935, 214.7853829818381),
    ('2024-03-28', 177.4499969482422, 216.53502526749114)
ON CONFLICT (date) DO NOTHING;

-- Insert Prophet predictions data dari predictions_prophet.csv
INSERT INTO predictions_prophet (date, actual, prophet_pred)
VALUES 
    ('2024-01-02', 250.0800018310547, 252.6999969482422),
    ('2024-01-03', 244.97999572753903, 252.6999969482422),
    ('2024-01-04', 239.25, 252.6999969482422),
    ('2024-01-05', 236.8600006103516, 252.6999969482422),
    ('2024-01-08', 236.13999938964844, 252.6999969482422),
    ('2024-01-09', 238.1100006103516, 252.6999969482422),
    ('2024-01-10', 235.1000061035156, 252.6999969482422),
    ('2024-01-11', 230.57000732421875, 252.6999969482422),
    ('2024-01-12', 220.0800018310547, 252.6999969482422),
    ('2024-01-16', 215.1000061035156, 252.6999969482422),
    ('2024-01-17', 214.8600006103516, 252.6999969482422),
    ('2024-01-18', 216.8800048828125, 252.6999969482422),
    ('2024-01-19', 209.9900054931641, 252.6999969482422),
    ('2024-01-22', 212.25999450683597, 252.6999969482422),
    ('2024-01-23', 211.3000030517578, 252.6999969482422),
    ('2024-01-24', 211.8800048828125, 252.6999969482422),
    ('2024-01-25', 189.6999969482422, 252.6999969482422),
    ('2024-01-26', 185.5, 252.6999969482422),
    ('2024-01-29', 185.6300048828125, 252.6999969482422),
    ('2024-01-30', 195.3300018310547, 252.6999969482422),
    ('2024-01-31', 187.0, 252.6999969482422),
    ('2024-02-01', 188.5, 252.6999969482422),
    ('2024-02-02', 185.0399932861328, 252.6999969482422),
    ('2024-02-05', 184.25999450683597, 252.6999969482422),
    ('2024-02-06', 177.2100067138672, 252.6999969482422),
    ('2024-02-07', 188.17999267578125, 252.6999969482422),
    ('2024-02-08', 189.0, 252.6999969482422),
    ('2024-02-09', 190.17999267578125, 252.6999969482422),
    ('2024-02-12', 192.1100006103516, 252.6999969482422),
    ('2024-02-13', 183.9900054931641, 252.6999969482422),
    ('2024-02-14', 185.3000030517578, 252.6999969482422),
    ('2024-02-15', 189.16000366210935, 252.6999969482422),
    ('2024-02-16', 202.05999755859372, 252.6999969482422),
    ('2024-02-20', 196.1300048828125, 252.6999969482422),
    ('2024-02-21', 193.3600006103516, 252.6999969482422),
    ('2024-02-22', 194.0, 252.6999969482422),
    ('2024-02-23', 195.30999755859372, 252.6999969482422),
    ('2024-02-26', 192.2899932861328, 252.6999969482422),
    ('2024-02-27', 204.0399932861328, 252.6999969482422),
    ('2024-02-28', 200.4199981689453, 252.6999969482422),
    ('2024-02-29', 204.17999267578125, 252.6999969482422),
    ('2024-03-01', 200.5200042724609, 252.6999969482422),
    ('2024-03-04', 198.72999572753903, 252.6999969482422),
    ('2024-03-05', 183.0500030517578, 252.6999969482422),
    ('2024-03-06', 179.99000549316406, 252.6999969482422),
    ('2024-03-07', 174.35000610351562, 252.6999969482422),
    ('2024-03-08', 181.5, 252.6999969482422),
    ('2024-03-11', 175.4499969482422, 252.6999969482422),
    ('2024-03-12', 177.77000427246094, 252.6999969482422),
    ('2024-03-13', 173.0500030517578, 252.6999969482422),
    ('2024-03-14', 167.77000427246094, 252.6999969482422),
    ('2024-03-15', 163.16000366210938, 252.6999969482422),
    ('2024-03-18', 170.02000427246094, 252.6999969482422),
    ('2024-03-19', 172.36000061035156, 252.6999969482422),
    ('2024-03-20', 173.0, 252.6999969482422),
    ('2024-03-21', 176.38999938964844, 252.6999969482422),
    ('2024-03-22', 166.69000244140625, 252.6999969482422),
    ('2024-03-25', 168.75999450683594, 252.6999969482422),
    ('2024-03-26', 178.5800018310547, 252.6999969482422),
    ('2024-03-27', 181.41000366210935, 252.6999969482422),
    ('2024-03-28', 177.4499969482422, 252.6999969482422)
ON CONFLICT (date) DO NOTHING;

-- ============================================================================
-- Views (Optional - untuk memudahkan queries)
-- ============================================================================

-- View untuk get latest stock price
CREATE OR REPLACE VIEW v_latest_stock_price AS
SELECT 
    date,
    close,
    high,
    low,
    open,
    volume,
    year,
    quarter,
    month
FROM tesla_stock_data
ORDER BY date DESC
LIMIT 1;

-- View untuk get stock data summary
CREATE OR REPLACE VIEW v_stock_summary AS
SELECT 
    year,
    quarter,
    COUNT(*) as trading_days,
    MIN(low) as min_price,
    MAX(high) as max_price,
    AVG(close) as avg_price,
    SUM(volume) as total_volume
FROM tesla_stock_data
GROUP BY year, quarter
ORDER BY year DESC, quarter DESC;

-- View untuk get model performance comparison
CREATE OR REPLACE VIEW v_model_comparison AS
SELECT 
    model,
    mae,
    rmse,
    mape_percentage,
    r_squared,
    dir_accuracy,
    CASE 
        WHEN r_squared >= 0.90 THEN 'Excellent'
        WHEN r_squared >= 0.80 THEN 'Very Good'
        WHEN r_squared >= 0.70 THEN 'Good'
        ELSE 'Fair'
    END as performance_rating
FROM model_evaluation
ORDER BY r_squared DESC;

-- ============================================================================
-- END OF SCHEMA
-- ============================================================================
